-- phpMyAdmin SQL Dump
-- version 5.0.2
-- https://www.phpmyadmin.net/
--
-- Host: 127.0.0.1
-- Waktu pembuatan: 15 Jul 2020 pada 07.28
-- Versi server: 10.4.11-MariaDB
-- Versi PHP: 7.4.6

SET SQL_MODE = "NO_AUTO_VALUE_ON_ZERO";
START TRANSACTION;
SET time_zone = "+00:00";


/*!40101 SET @OLD_CHARACTER_SET_CLIENT=@@CHARACTER_SET_CLIENT */;
/*!40101 SET @OLD_CHARACTER_SET_RESULTS=@@CHARACTER_SET_RESULTS */;
/*!40101 SET @OLD_COLLATION_CONNECTION=@@COLLATION_CONNECTION */;
/*!40101 SET NAMES utf8mb4 */;

--
-- Database: `program_toko`
--

-- --------------------------------------------------------

--
-- Struktur dari tabel `barang` asline barang_s
--

CREATE TABLE `barangss` (
  `id_barang` int(11) NOT NULL,
  `kode` varchar(128) DEFAULT NULL,
  `nama_barang` varchar(128) NOT NULL,
  `keterangan` varchar(128) NOT NULL,
  `harga_jual` int(11) NOT NULL,
  `harga_do` int(11) NOT NULL,
  `stok` int(11) NOT NULL,
  `updated` int(11) NOT NULL
) ENGINE=InnoDB DEFAULT CHARSET=latin1;

--
-- Dumping data untuk tabel `barang`
--

INSERT INTO `barang` (`id_barang`, `kode`, `nama_barang`, `keterangan`, `harga_jual`, `harga_do`, `stok`, `updated`) VALUES
(1, '00620000', 'Aminovit', '250 gram', 40500, 42500, 83, 1592033210),
(2, '02550001', 'Amoxitin', '250 gram', 83000, 85000, 46, 1591164398),
(3, '09850000', 'Collimizyn', '250 gram', 82000, 84000, 61, 1591164413),
(4, '05820000', 'Doctril', '250 gram', 61000, 63000, 24, 1591164449),
(5, '05300000', 'Doxytin', '250 gram', 80000, 82000, 151, 1591164475),
(6, '00320000', 'Doxyvet', '250 gram', 45000, 47000, 68, 1591164491),
(8, '8300151', 'Egg Stimulant', '250 gram', 35000, 38000, 72, 1591164513),
(9, '04000000', 'Fortevit', '250 gram', 141000, 143000, 109, 1591164537),
(10, '04160000', 'Koleridin', '250 gram', 58000, 60000, 166, 1591164566),
(11, '10930001', 'Kumavit', '250 gram', 34000, 36000, 11, 1591164595),
(12, '12860001', 'Levamid', '100 gram', 65000, 67000, 36, 1591164621),
(13, '12290000', 'Gumbonal', '100 gram', 16000, 18000, 34, 1591164662),
(14, '02370000', 'Medimilk (skim)', '100 gram', 19000, 20000, 40, 1592034145),
(15, '00950000', 'Strong Egg', '250 gram', 43000, 45000, 37, 1591164721),
(16, '01100000', 'Therapy', '250 gram', 62000, 65000, 75, 1591164753),
(17, '03790000', 'Trimizyn', '250 gram', 61000, 63000, 116, 1591250470),
(18, '8200324', 'Vita Chick', '10 gram', 2000, 2000, 126, 1591164916),
(19, '8300241', 'Vita Chick', '250 gram', 33000, 35000, 41, 1591164953),
(20, '01820000', 'Vita Stress', '250 gram', 23000, 25000, 42, 1591250503),
(21, '12790001', 'Wormzol', '', 8000, 8000, 48, 1592031088),
(22, '03490001', 'Antikoksi', '1 liter', 176000, 180000, 15, 1591250445),
(23, '00020000', 'Antisep', '60 ml', 14000, 16000, 10, 1591167565),
(24, '0030000', 'Antisep', '120 ml', 23000, 25000, 24, 1591167546),
(25, '0040001', 'Antisep', '1 liter', 160000, 162000, 19, 1591250431),
(26, '0000001', 'Delatrin (Obat lalat)', '100 ml', 78000, 80000, 44, 1591167833),
(27, '07900020', 'Desinsep', '1 liter', 42000, 44000, 20, 1592030630),
(28, '0000002', 'EM4', '1 liter', 0, 0, 0, 1585403397),
(29, '0000003', 'Formalin', '1 liter', 75000, 75000, 1, 1585403422),
(30, '07510000', 'Gentamin', '100 ml', 48000, 50000, 3, 1591167857),
(31, '8202295', 'Heprovit', '250 ml', 88000, 90000, 22, 1591167875),
(32, '8202255', 'Imustim', '250 ml', 78000, 80000, 35, 1591167890),
(33, '0000004', 'Kepromec', '100 ml', 100000, 100000, 0, 1591167902),
(34, '05750000', 'Koleridin', 'K-100', 25000, 25000, 53, 1591167917),
(35, '05790001', 'Koleridin', 'K-500', 84000, 86000, 13, 1591167936),
(36, '07360001', 'Mediflox', '1 liter', 0, 0, 15, 1591238421),
(37, '02260001', 'Medisep', '1 liter', 60000, 60000, 10, 1591238435),
(38, '8301103', 'Medoxy LA', '100 ml', 86000, 88000, 0, 1591238452),
(39, '06230000', 'Neo Meditril', '100 ml', 36000, 38000, 14, 1592031036),
(40, '06240001', 'Neo Meditril', '250 ml', 78000, 80000, 12, 1591238644),
(41, '06250001', 'Neo Meditril', '1 liter', 272000, 275000, 5, 1591238659),
(42, '01120000', 'Tetraclor', 'K-50', 12000, 14000, 9, 1591238676),
(43, '01130001', 'Tetraclor', 'K-300', 52000, 54000, 5, 1591238694),
(44, '02750000', 'Trimizyn', 'K-100', 14000, 15000, 9, 1591238723),
(45, '02760001', 'Trimizyn', 'K-500', 55000, 56000, 9, 1591238747),
(46, '01850000', 'Vermixon', '120 ml', 15000, 17000, 15, 1591238766),
(47, '01860001', 'Vermixon', '1 liter', 82000, 85000, 2, 1587457531),
(48, '0000005', 'Vitamin E-50', '100 ml', 0, 0, 18, 1587457569),
(49, '0000006', 'Vita Sel Injek', '-', 0, 0, 12, 1585404463),
(50, '0000007', 'Vita B-plex Bolus', '-', 41000, 44000, 1, 1585404504),
(51, '0000008', 'Jeter 35', '1 liter', 150000, 150000, 2, 1585404531),
(52, '0000009', 'Nuvita', '1 liter', 0, 0, 12, 1585404582),
(53, '05130001', 'B-Kompleks', '500 ml', 54000, 56000, 38, 1587457669),
(54, '02950001', 'Vet Strep', '125 gram', 171000, 174000, 21, 1587457679),
(55, '09670001', 'Ai Dc', '500 ml', 360000, 360000, 22, 1591238880),
(56, '8202821', 'Ai Ds', '500 ml', 360000, 360000, 3, 1592034237),
(57, '8201854', 'Coryza TsQ', '500 ml', 465000, 472000, 8, 1591250366),
(58, '8202333', 'ND Ai DC', '500 ml', 440000, 440000, 6, 1591238920),
(61, '8202333`', 'ND Ai Ds', '500 ml', 440000, 440000, 13, 1591238934),
(62, '8201747', 'ND G7 Emulsion', '500 ml', 130000, 135000, 1, 1591238953),
(63, '8201768', 'ND G7 IB Emulsion', '500 ml', 302000, 302000, 10, 1592034285),
(64, '8201778', 'ND G7B EDS IB Emulsion', '500 ml', 420000, 420000, 2, 1591238991),
(65, '8201884', 'ND G7 Gumboro H Emuls', '500 ml', 440000, 440000, 4, 1591239015),
(66, '8201747`', 'ND Trivalen Emulsion', '500 ml', 190000, 192000, 8, 1585406456),
(67, '0000010', 'IB Varian', '1000 ds', 42000, 44000, 9, 1592035273),
(68, '0000011', 'ILT', '1000 ds', 45000, 45000, 22, 1591239058),
(69, '0000012', 'MGA', '1000 ds', 60000, 60000, 43, 1587457889),
(70, '0000013', 'MGB', '1000 ds', 45000, 47000, 23, 1591239082),
(71, '0000014', 'ND Clone', '500 ds', 20000, 20000, 16, 1591239142),
(72, '0000015', 'ND Clone', '1000 ds', 30000, 30000, 14, 1591239125),
(73, '0000016', 'ND IB', '500 ds', 20000, 21000, 34, 1591239195),
(74, '0000017', 'ND IB', '1000 ds', 30000, 32000, 1, 1592035246),
(75, '0000018', 'ND IB', '2000 ds', 52000, 54000, 22, 1591250387),
(76, '0000019', 'ND IB Spray', '1000 ds', 50000, 50000, 17, 1591239213),
(77, '0000020', 'ND Lasota', '500 ds', 18000, 18000, 26, 1587716282),
(78, '0000021', 'ND Lasota', '1000 ds', 22000, 22000, 37, 1591239247),
(79, '0000022', 'ND Lasota', '2000 ds', 30000, 30000, 38, 1592030664),
(80, '08490001', 'POX', '500 ds', 48000, 50000, 14, 1591239290),
(81, '08840001', 'POX', '1000 ds', 55000, 56000, 10, 1592030753),
(82, '0000023', 'IGM', '-', 0, 0, 0, 1585407052),
(83, '0000024', 'TMAO', '-', 75000, 80000, 0, 1585407084),
(84, '0000025', 'PROTEKTOR', '5 kg', 38000, 40000, 0, 1585407121),
(85, '0000026', 'Tempat minum', '2 galon', 25000, 27000, 0, 1585407149),
(86, '0000027', 'Slang Socorex', '-', 0, 130000, 0, 1585407186),
(87, '0000028', 'Baby Chicken / Tempat makan', '-', 20000, 25000, 0, 1585407219),
(88, '11870001', 'Erydoxy', '250 gram', 149000, 150000, 189, 1587532665),
(89, '000001', 'TELUR', '1600KG', 35680000, 35680000, 5133, 1592372747),
(90, '06660001', 'ZALDES', '1 Liter', 40000, 45000, 7, 1587452049),
(91, '03720000', 'Kututox-s', '60 ml', 10000, 15000, 19, 1587458206),
(92, '00009', 'E-selmax', '1 Liter', 0, 0, 3, 1587458438),
(93, '000002', 'RADIO SE-HO', '100 gr', 0, 0, 2, 1587458535),
(94, '12830001', 'Levamid', '1 kg', 600000, 610000, 10, 1587717077);

-- --------------------------------------------------------

--
-- Struktur dari tabel `catatan`
--

CREATE TABLE `catatan` (
  `id_catatan` int(11) NOT NULL,
  `isi` text NOT NULL,
  `created_at` int(11) NOT NULL
) ENGINE=InnoDB DEFAULT CHARSET=latin1;

--
-- Dumping data untuk tabel `catatan`
--

INSERT INTO `catatan` (`id_catatan`, `isi`, `created_at`) VALUES
(2, 'HJ BUDI\r\n 1. THERAPY  6 Bungkus', 1587516721),
(3, 'JUAL \r\n1. Vet strep 125 gr   6 btol\r\n2. b kompleks 500 ml  3 btl', 1587516807);

-- --------------------------------------------------------

--
-- Struktur dari tabel `detail_transaksi`
--

CREATE TABLE `detail_transaksi` (
  `id_transaksi` int(11) NOT NULL,
  `id_barang` int(11) NOT NULL,
  `jumlah` int(11) NOT NULL
) ENGINE=InnoDB DEFAULT CHARSET=latin1;

--
-- Dumping data untuk tabel `detail_transaksi`
--

INSERT INTO `detail_transaksi` (`id_transaksi`, `id_barang`, `jumlah`) VALUES
(1, 1, 1),
(2, 88, 6),
(3, 1, 3),
(1, 2, 1),
(2, 1, 1),
(3, 5, 1),
(3, 88, 2),
(4, 3, 3),
(5, 1, 1),
(5, 5, 1),
(6, 3, 1),
(6, 1, 1),
(7, 1, 1),
(7, 2, 1),
(8, 1, 1),
(8, 2, 1),
(8, 3, 1),
(9, 1, 1),
(9, 2, 1),
(10, 1, 1),
(10, 2, 1),
(11, 1, 1),
(11, 2, 1),
(12, 1, 1),
(12, 2, 1),
(12, 3, 1),
(12, 4, 1),
(12, 5, 1),
(13, 1, 1),
(13, 2, 1),
(13, 3, 1),
(13, 4, 1),
(13, 5, 1),
(14, 1, 1),
(14, 2, 1),
(14, 3, 1),
(15, 1, 2),
(15, 2, 1),
(16, 1, 1),
(16, 2, 1),
(16, 3, 1),
(17, 1, 1),
(17, 2, 1),
(17, 3, 1),
(18, 4, 1),
(18, 5, 1),
(18, 6, 1),
(19, 1, 1),
(19, 2, 1),
(19, 3, 1),
(19, 4, 1),
(20, 1, 1),
(20, 2, 1),
(20, 3, 1),
(21, 1, 1),
(21, 2, 1),
(21, 3, 1),
(21, 4, 1),
(21, 5, 1),
(21, 6, 1),
(22, 1, 1),
(22, 3, 1),
(22, 4, 1),
(23, 1, 1),
(23, 2, 1),
(23, 4, 1),
(23, 5, 1),
(23, 6, 1),
(23, 8, 2),
(23, 9, 1),
(23, 10, 1),
(23, 3, 1),
(24, 1, 1),
(24, 2, 1),
(24, 4, 1),
(25, 89, 1),
(26, 89, 1),
(27, 89, 150),
(28, 89, 150),
(29, 89, 150),
(30, 89, 150),
(31, 1, 150),
(32, 2, 10),
(33, 89, 150),
(34, 89, 1500),
(35, 89, 1800),
(36, 89, 150),
(37, 89, 1500),
(38, 89, 1500),
(39, 89, 1500),
(40, 89, 1800),
(41, 89, 1500),
(42, 89, 1800),
(43, 89, 1),
(44, 89, 3200),
(45, 89, 3200),
(46, 89, 0),
(47, 89, 1),
(48, 89, 1),
(49, 89, 1),
(50, 89, 1500),
(51, 89, 1),
(52, 89, 1500),
(1, 89, 1),
(2, 89, 1),
(3, 89, 1),
(4, 89, 1),
(5, 89, 1),
(6, 89, 1),
(7, 89, 1),
(8, 89, 1),
(9, 89, 1),
(10, 89, 1),
(1, 90, 1),
(2, 90, 1),
(1, 1, 1),
(2, 1, 1),
(3, 1, 1),
(4, 54, 6),
(4, 53, 3),
(5, 16, 6),
(6, 16, 1),
(6, 17, 1),
(7, 78, 1),
(7, 19, 1),
(7, 6, 1),
(7, 40, 1),
(7, 37, 6),
(7, 16, 1),
(7, 17, 1),
(1, 56, 2),
(1, 10, 4),
(2, 56, 2),
(2, 10, 4),
(3, 55, 1),
(4, 89, 1),
(5, 6, 1),
(6, 56, 4),
(6, 81, 4),
(7, 40, 1),
(7, 44, 1),
(8, 54, 3),
(8, 53, 3),
(8, 63, 3),
(9, 42, 2),
(9, 25, 1),
(9, 41, 1),
(9, 9, 1),
(10, 89, 1),
(11, 89, 1),
(12, 89, 1),
(13, 89, 1),
(14, 89, 1),
(15, 89, 1),
(16, 89, 1),
(17, 89, 1),
(18, 89, 1),
(19, 63, 6),
(20, 54, 2),
(20, 53, 1),
(20, 19, 2),
(20, 16, 3),
(20, 8, 3),
(21, 54, 9),
(21, 53, 8),
(21, 90, 1),
(21, 17, 9),
(21, 42, 1),
(22, 8, 5),
(22, 43, 1),
(23, 1, 1),
(24, 1, 1),
(25, 1, 1),
(26, 1, 1),
(27, 1, 1),
(28, 89, 1),
(29, 89, 1),
(30, 89, 1),
(31, 89, 1),
(32, 89, 1),
(33, 10, 1),
(34, 1, 1),
(35, 1, 1),
(36, 1, 1),
(37, 1, 1),
(38, 1, 1),
(39, 1, 1),
(40, 1, 1),
(41, 1, 1),
(42, 1, 1),
(43, 1, 1),
(44, 1, 1),
(45, 1, 1),
(46, 1, 1),
(47, 1, 1),
(47, 2, 1),
(47, 3, 1),
(48, 1, 1),
(48, 2, 1),
(48, 3, 1),
(49, 1, 1),
(49, 2, 1),
(50, 1, 1),
(51, 1, 1),
(52, 1, 1),
(53, 89, 1),
(54, 89, 1),
(55, 89, 1),
(56, 89, 1),
(57, 1, 1),
(58, 1, 1),
(59, 89, 1),
(60, 89, 1),
(61, 89, 1),
(62, 1, 1),
(63, 89, 1),
(64, 89, 1),
(65, 1, 1),
(66, 1, 1),
(67, 1, 1),
(68, 2, 1),
(69, 2, 1),
(70, 2, 1),
(71, 2, 1),
(72, 1, 1),
(73, 2, 1),
(74, 2, 1),
(75, 2, 1),
(76, 2, 1),
(77, 2, 1),
(78, 2, 1),
(79, 2, 1),
(80, 89, 1),
(81, 89, 1),
(82, 1, 1),
(83, 1, 1),
(84, 1, 1),
(85, 1, 1),
(86, 1, 1),
(87, 1, 1),
(88, 1, 1),
(89, 89, 1),
(90, 89, 1),
(91, 89, 1),
(92, 1, 1),
(93, 89, 1),
(94, 89, 1),
(95, 89, 1),
(96, 89, 1),
(97, 89, 1),
(98, 89, 1),
(99, 89, 1),
(100, 89, 1),
(101, 89, 1),
(102, 89, 1),
(103, 89, 1),
(104, 89, 1),
(105, 89, 1),
(106, 89, 1),
(107, 89, 1),
(108, 89, 1),
(109, 89, 1),
(110, 89, 1),
(111, 89, 1),
(112, 89, 1),
(113, 89, 1),
(114, 89, 1),
(115, 89, 1),
(116, 89, 1),
(117, 89, 1),
(118, 89, 1),
(119, 89, 1),
(120, 89, 1),
(121, 89, 1),
(122, 89, 1),
(123, 89, 1),
(124, 89, 1),
(125, 1, 1),
(126, 1, 2),
(126, 2, 1),
(126, 9, 2),
(126, 8, 11),
(127, 3, 4),
(127, 1, 3),
(127, 9, 15),
(127, 4, 21),
(127, 10, 2),
(128, 1, 9),
(128, 9, 5),
(128, 10, 3),
(128, 4, 5),
(128, 3, 20),
(128, 2, 1),
(129, 1, 1),
(129, 2, 1),
(129, 3, 1),
(129, 4, 2),
(129, 5, 2),
(129, 8, 1),
(129, 9, 1),
(129, 10, 3),
(129, 11, 1),
(130, 1, 1),
(130, 2, 1),
(130, 3, 1),
(130, 4, 7),
(130, 5, 4),
(131, 1, 3),
(131, 2, 1),
(131, 3, 1),
(131, 4, 8),
(131, 5, 4),
(131, 10, 1),
(132, 1, 1),
(132, 2, 2),
(133, 89, 1),
(134, 89, 1),
(135, 89, 1),
(136, 89, 1),
(137, 89, 1),
(138, 89, 1),
(139, 89, 1),
(140, 89, 1),
(141, 89, 1),
(142, 89, 1),
(143, 89, 1),
(144, 89, 1),
(145, 89, 1),
(146, 89, 1),
(147, 89, 1),
(148, 89, 1),
(149, 89, 1),
(150, 89, 1),
(151, 89, 1),
(152, 9, 1),
(152, 41, 1),
(152, 57, 1),
(152, 2, 3),
(152, 18, 2),
(153, 74, 4),
(153, 9, 1),
(153, 10, 1),
(153, 15, 24),
(153, 8, 4),
(154, 30, 2),
(154, 1, 2),
(154, 15, 5),
(154, 8, 10),
(154, 16, 5),
(155, 25, 1),
(155, 8, 10),
(155, 16, 5),
(155, 10, 5),
(155, 57, 1),
(156, 16, 15),
(156, 20, 4),
(156, 17, 1),
(156, 6, 1),
(156, 63, 4),
(157, 8, 2),
(157, 9, 4),
(157, 79, 1),
(157, 78, 1),
(157, 75, 1),
(158, 20, 2),
(158, 18, 5),
(158, 75, 4),
(158, 78, 1),
(158, 25, 1),
(159, 20, 8),
(159, 62, 1),
(159, 1, 4),
(159, 88, 4),
(160, 89, 1),
(161, 89, 1),
(162, 74, 1),
(162, 75, 6),
(162, 25, 1),
(162, 42, 2),
(162, 20, 4),
(162, 9, 2),
(163, 20, 3),
(163, 16, 1),
(163, 79, 2),
(163, 68, 2),
(163, 54, 3),
(164, 53, 3),
(164, 80, 1),
(164, 68, 1),
(164, 16, 1),
(164, 45, 1),
(165, 35, 1),
(165, 18, 2),
(165, 19, 1),
(165, 39, 1),
(165, 20, 20),
(166, 6, 20),
(166, 16, 20),
(166, 8, 22),
(166, 42, 1),
(167, 25, 1),
(167, 35, 1),
(167, 8, 4),
(167, 20, 3),
(167, 23, 1),
(168, 20, 2),
(168, 1, 1),
(168, 75, 3),
(168, 11, 1),
(168, 4, 1),
(169, 19, 1),
(169, 72, 3),
(169, 88, 6),
(169, 80, 2),
(169, 81, 4),
(170, 9, 2),
(170, 31, 4),
(170, 58, 2),
(170, 88, 1),
(170, 8, 1),
(171, 54, 6),
(171, 53, 6),
(171, 4, 10),
(171, 17, 2),
(171, 2, 1),
(172, 44, 1),
(172, 37, 2),
(172, 73, 1),
(172, 24, 1),
(172, 16, 5),
(173, 10, 2),
(173, 72, 6),
(173, 64, 1),
(173, 9, 3),
(173, 68, 3),
(174, 10, 8),
(174, 45, 2),
(174, 8, 4),
(174, 2, 1),
(175, 10, 3),
(175, 35, 3),
(175, 43, 3),
(176, 91, 2),
(176, 18, 1),
(176, 63, 9),
(176, 62, 2),
(177, 89, 1),
(178, 89, 1),
(179, 89, 1),
(180, 89, 1),
(181, 89, 1),
(182, 89, 1),
(183, 89, 1),
(184, 89, 1),
(185, 89, 1),
(186, 89, 1),
(187, 89, 1),
(188, 89, 1),
(189, 10, 3),
(189, 35, 3),
(189, 43, 2),
(189, 91, 2),
(189, 18, 1),
(190, 63, 9),
(190, 62, 2),
(190, 9, 4),
(190, 44, 1),
(190, 23, 1),
(191, 8, 5),
(191, 71, 1),
(191, 25, 1),
(191, 57, 2),
(191, 80, 4),
(192, 78, 2),
(192, 66, 3),
(192, 1, 2),
(192, 8, 2),
(192, 10, 3),
(193, 39, 1),
(193, 9, 1),
(193, 55, 1),
(193, 8, 5),
(193, 10, 2),
(194, 25, 1),
(194, 30, 2),
(194, 10, 20),
(194, 8, 10),
(194, 16, 10),
(195, 8, 10),
(195, 20, 10),
(195, 64, 1),
(195, 9, 1),
(195, 78, 1),
(196, 9, 7),
(196, 76, 14),
(196, 20, 4),
(196, 16, 2),
(196, 25, 1),
(197, 25, 1),
(197, 47, 1),
(197, 56, 5),
(197, 43, 2),
(197, 12, 10),
(198, 72, 7),
(198, 54, 12),
(198, 53, 12),
(198, 2, 2),
(199, 53, 2),
(199, 37, 1),
(199, 2, 7),
(199, 8, 5),
(199, 20, 5),
(200, 8, 5),
(200, 16, 5),
(201, 10, 3),
(201, 45, 2),
(201, 2, 2),
(201, 16, 5),
(201, 4, 5),
(202, 10, 3),
(203, 89, 1),
(204, 89, 2),
(205, 89, 1),
(206, 89, 1),
(207, 89, 1),
(208, 89, 1),
(209, 89, 1),
(210, 1, 2);

-- --------------------------------------------------------

--
-- Struktur dari tabel `status`
--

CREATE TABLE `status` (
  `id_status` int(11) NOT NULL,
  `status` varchar(128) NOT NULL
) ENGINE=InnoDB DEFAULT CHARSET=latin1;

--
-- Dumping data untuk tabel `status`
--

INSERT INTO `status` (`id_status`, `status`) VALUES
(1, 'Admin'),
(2, 'Kasir');

-- --------------------------------------------------------

--
-- Struktur dari tabel `transaksi`
--

CREATE TABLE `transaksi` (
  `id_transaksi` int(11) NOT NULL,
  `kode` varchar(128) NOT NULL,
  `nama_kasir` varchar(128) NOT NULL,
  `nama_pembeli` varchar(128) NOT NULL,
  `total` int(11) NOT NULL,
  `tanggal` int(11) NOT NULL
) ENGINE=InnoDB DEFAULT CHARSET=latin1;

--
-- Dumping data untuk tabel `transaksi`
--

INSERT INTO `transaksi` (`id_transaksi`, `kode`, `nama_kasir`, `nama_pembeli`, `total`, `tanggal`) VALUES
(1, 'INV1587530881', 'Admin', 'UMUM', 928000, 1587530887),
(2, 'INV1587533023', 'Admin', 'UMUM', 928000, 1587533029),
(3, 'INV1587533260', 'Admin', 'UMUM', 360000, 1587533265),
(4, 'DO1587536742', 'Admin', 'P YONI', 37200000, 1587536761),
(5, 'INV1587537028', 'Admin', 'UMUM', 45000, 1587537034),
(6, 'DO1587604343', 'Admin', 'UMUM', 416000, 1587604355),
(7, 'INV1587616547', 'Admin', 'UMUM', 92000, 1587616558),
(8, 'INV1587629580', 'Admin', 'UMUM', 1581000, 1587629593),
(9, 'DO1587629690', 'Admin', 'UMUM', 594000, 1587629716),
(10, 'DO1587711437', 'Admin', 'P TOHA', 31500000, 1587711458),
(11, 'INV1587711565', 'Admin', 'UMUM', 31500000, 1587711583),
(12, 'DO1587711736', 'Admin', 'UMUM', 31500000, 1587711797),
(13, 'DO1587712009', 'Admin', 'UMUM', 31500000, 1587712015),
(14, 'INV1587712199', 'Admin', 'UMUM', 31500000, 1587712204),
(15, 'DO1587712327', 'Admin', 'P TOHA', 31500000, 1587712350),
(16, 'DO1587712470', 'Admin', 'P TOHA', 31500000, 1587712481),
(17, 'DO1587712745', 'Admin', 'BU YULI', 28640000, 1587712766),
(18, 'DO1587712935', 'Admin', 'P TOJIR', 26550000, 1587712984),
(19, 'DO1587716768', 'Admin', 'UMUM', 1812000, 1587716785),
(20, 'INV1587717183', 'Admin', 'UMUM', 753000, 1587717214),
(21, 'DO1587717650', 'Admin', 'UMUM', 2640000, 1587717751),
(22, 'DO1587718174', 'Admin', 'UMUM', 244000, 1587718177),
(23, 'INV1587792621', 'Admin', 'UMUM', 40500, 1587792625),
(24, 'INV1587793155', 'Admin', 'UMUM', 40500, 1587793160),
(25, 'INV1587793320', 'Admin', 'UMUM', 40500, 1587793326),
(26, 'INV1587793924', 'Admin', 'UMUM', 40500, 1587793992),
(27, 'INV1587794299', 'Admin', 'UMUM', 40500, 1587794304),
(28, 'DO1587795517', 'Admin', 'UMUM', 26505000, 1587795524),
(29, 'DO1587795650', 'Admin', 'H ASIS', 26505000, 1587795681),
(30, 'DO1587795918', 'Admin', 'P TOJIR', 17100000, 1587795954),
(31, 'DO1587796075', 'Admin', 'MANTUNE', 8550000, 1587796085),
(32, 'DO1587796210', 'Admin', 'P TOHA', 25200000, 1587796231),
(33, 'INV1587804096', 'Admin', 'UMUM', 60000, 1587804111),
(34, 'INV1587804412', 'Admin', 'UMUM', 40500, 1587804421),
(35, 'INV1587804597', 'Admin', 'UMUM', 40500, 1587804607),
(36, 'INV1587804597', 'Admin', 'UMUM', 40500, 1587804843),
(37, 'INV1587805128', 'Admin', 'UMUM', 40500, 1587805136),
(38, 'INV1587805128', 'Admin', 'UMUM', 40500, 1587805178),
(39, 'INV1587805128', 'Admin', 'UMUM', 40500, 1587805203),
(40, 'INV1587805128', 'Admin', 'UMUM', 40500, 1587805376),
(41, 'INV1587805128', 'Admin', 'UMUM', 40500, 1587805665),
(42, 'INV1587805128', 'Admin', 'UMUM', 40500, 1587805829),
(43, 'INV1587805128', 'Admin', 'UMUM', 40500, 1587805938),
(44, 'INV1587805128', 'Admin', 'UMUM', 40500, 1587806068),
(45, 'INV1587805128', 'Admin', 'UMUM', 40500, 1587806249),
(46, 'INV1587964543', 'Admin', 'UMUM', 40500, 1587964551),
(47, 'INV1587964727', 'Admin', 'UMUM', 205500, 1587964731),
(48, 'INV1587965028', 'Admin', 'UMUM', 205500, 1587965037),
(49, 'INV1587965309', 'Admin', 'UMUM', 123500, 1587965315),
(50, 'INV1587965522', 'Admin', 'UMUM', 40500, 1587965526),
(51, 'DO1587965659', 'Admin', 'UMUM', 42500, 1587965664),
(52, 'INV1587968398', 'Admin', 'UMUM', 40500, 1587968403),
(53, 'DO1587968959', 'Admin', 'P TOHA', 33200000, 1587968973),
(54, 'DO1587969150', 'Admin', 'P HAN', 20160000, 1587969162),
(55, 'DO1587969227', 'Admin', 'P ASIS', 26720000, 1587969265),
(56, 'DO1587969281', 'Admin', 'H ASIS', 26720000, 1587969295),
(57, 'INV1588052422', 'Admin', 'UMUM', 40500, 1588052426),
(58, 'INV1588052458', 'Admin', 'UMUM', 40500, 1588052463),
(59, 'DO1588055934', 'Admin', 'P HAN', 21060000, 1588055953),
(60, 'DO1588141271', 'Admin', 'P TOHA', 15500000, 1588141292),
(61, 'DO1588141369', 'Admin', 'P HAN', 18600000, 1588141409),
(62, 'DO1588141887', 'Admin', 'UMUM', 42500, 1588141897),
(63, 'DO1588226198', 'Admin', 'P HAN', 26100000, 1588226278),
(64, 'DO1588226531', 'Admin', 'P TOJIR', 21750000, 1588226579),
(65, 'INV1588304909', 'Admin', 'UMUM', 40500, 1588304915),
(66, 'INV1588304986', 'Admin', 'UMUM', 40500, 1588304994),
(67, 'INV1588305767', 'Admin', 'UMUM', 40500, 1588305772),
(68, 'INV1588312504', 'Admin', 'UMUM', 83000, 1588312514),
(69, 'INV1588312504', 'Admin', 'UMUM', 83000, 1588312624),
(70, 'INV1588312504', 'Admin', 'UMUM', 83000, 1588312898),
(71, 'INV1588312504', 'Admin', 'UMUM', 83000, 1588313258),
(72, 'INV1588314438', 'Admin', 'Tes', 40500, 1588314455),
(73, 'INV1588314619', 'Admin', 'tes', 83000, 1588314632),
(74, 'INV1588314619', 'Admin', 'tes', 83000, 1588314823),
(75, 'INV1588314619', 'Admin', 'tes', 83000, 1588314923),
(76, 'INV1588314619', 'Admin', 'tes', 83000, 1588315137),
(77, 'INV1588314619', 'Admin', 'tes', 83000, 1588315312),
(78, 'INV1588314619', 'Admin', 'tes', 83000, 1588315471),
(79, 'INV1588314619', 'Admin', 'tes', 83000, 1588315729),
(80, 'DO1588315980', 'Admin', 'P TOHA', 22500000, 1588315993),
(81, 'DO1588316161', 'Admin', 'P HAN', 19500000, 1588316171),
(82, 'DO1588316284', 'Admin', 'UMUM', 42500, 1588316292),
(83, 'DO1588316284', 'Admin', 'UMUM', 42500, 1588317112),
(84, 'DO1588316284', 'Admin', 'UMUM', 42500, 1588317366),
(85, 'INV1588317431', 'Admin', 'UMUM', 40500, 1588317443),
(86, 'INV1588317431', 'Admin', 'UMUM', 40500, 1588317745),
(87, 'INV1588317431', 'Admin', 'UMUM', 40500, 1588317773),
(88, 'INV1588317431', 'Admin', 'UMUM', 40500, 1588317936),
(89, 'INV1588318223', 'Admin', 'UMUM', 19500000, 1588318245),
(90, 'DO1588318583', 'Admin', 'UMUM', 19500000, 1588318589),
(91, 'DO1588322829', 'Admin', 'P TOHA', 22860000, 1588322849),
(92, 'DO1588397697', 'Admin', 'UMUM', 42500, 1588397703),
(93, 'DO1588401599', 'Admin', 'P HAN', 20400000, 1588401618),
(94, 'DO1588401806', 'Admin', 'UMUM', 20400000, 1588401812),
(95, 'DO1588401893', 'Admin', 'P HAN', 20400000, 1588401907),
(96, 'DO1588401985', 'Admin', 'P HAN', 20400000, 1588401994),
(97, 'DO1588402294', 'Admin', 'P HAN', 20400000, 1588402304),
(98, 'DO1588402445', 'Admin', 'UMUM', 20400000, 1588402448),
(99, 'DO1588402592', 'Admin', 'P HAN', 20400000, 1588402618),
(100, 'DO1588402705', 'Admin', 'H ASIS', 18000000, 1588402716),
(101, 'DO1588573070', 'Admin', 'P TOHA', 30600000, 1588573082),
(102, 'DO1588573167', 'Admin', 'P TOJIR', 27300000, 1588573182),
(103, 'DO1588578831', 'Admin', 'P TOHA', 36000000, 1588578867),
(104, 'DO1588665707', 'Admin', 'P UDIN', 26550000, 1588665792),
(105, 'DO1588833133', 'Admin', 'P TOHA', 26640000, 1588833145),
(106, 'DO1588833269', 'Admin', 'H ASIS', 22500000, 1588833366),
(107, 'DO1588833444', 'Admin', 'H ASIS', 22500000, 1588833500),
(108, 'DO1588838674', 'Admin', 'P TOHA', 25160000, 1588838714),
(109, 'DO1588838812', 'Admin', 'P HAN', 27000000, 1588838821),
(110, 'DO1588841629', 'Admin', 'H ASIS', 22500000, 1588841640),
(111, 'DO1589009024', 'Admin', 'P HAN', 28980000, 1589009076),
(112, 'DO1589179204', 'Admin', 'P HAN', 20540000, 1589179219),
(113, 'DO1589179332', 'Admin', 'H ASIS', 24300000, 1589179345),
(114, 'DO1589179410', 'Admin', 'UMIK WIDI', 28800000, 1589179430),
(115, 'DO1589179518', 'Admin', 'UMIK WIDI', 28800000, 1589179531),
(116, 'DO1589265777', 'Admin', 'P HAN', 24490000, 1589265798),
(117, 'DO1589265844', 'Admin', 'P TOJIR', 24000000, 1589265873),
(118, 'DO1589265925', 'Admin', 'WULAN', 20800000, 1589265949),
(119, 'DO1589351792', 'Admin', 'P TOHA', 23400000, 1589351813),
(120, 'DO1589351914', 'Admin', 'B WULAN', 20410000, 1589351959),
(121, 'DO1589436523', 'Admin', 'P HAN', 24320000, 1589436544),
(122, 'DO1589436594', 'Admin', 'H ASIS', 27540000, 1589436606),
(123, 'DO1589524915', 'Admin', 'UMIK WIDI', 27900000, 1589524932),
(124, 'DO1589525031', 'Admin', 'UMIK WIDI', 27900000, 1589525044),
(125, 'INV1589525203', 'Admin', 'UMUM', 40500, 1589525233),
(126, 'INV1589525459', 'Admin', 'UMUM', 481000, 1589525476),
(127, 'INV1589525677', 'Admin', 'UMUM', 709500, 1589525715),
(128, 'INV1589526176', 'Admin', 'UMUM', 3271500, 1589526232),
(129, 'INV1589526613', 'Admin', 'UMUM', 871500, 1589526659),
(130, 'INV1589526916', 'Admin', 'UMUM', 952500, 1589526944),
(131, 'INV1589527234', 'Admin', 'UMUM', 1152500, 1589527265),
(132, 'INV1589590103', 'Admin', 'UMUM', 206500, 1589590131),
(133, 'DO1589610114', 'Admin', 'P HAN', 24800000, 1589610163),
(134, 'DO1589610269', 'Admin', 'P TOJIR', 24000000, 1589610295),
(135, 'DO1589783357', 'Admin', 'P TOHA', 28800000, 1589783375),
(136, 'DO1589783514', 'Admin', 'P TOHA', 28800000, 1589783526),
(137, 'DO1589783578', 'Admin', 'H ASIS', 26400000, 1589783608),
(138, 'DO1589783885', 'Admin', 'P TOHA', 32400000, 1589783897),
(139, 'DO1589869631', 'Admin', 'P HAN', 30720000, 1589869643),
(140, 'DO1589869725', 'Admin', 'P TOJIR', 28800000, 1589869738),
(141, 'DO1589957337', 'Admin', 'P TOHA', 37430000, 1589957351),
(142, 'DO1590042411', 'Admin', 'P TOJIR', 28500000, 1590042434),
(143, 'DO1590042486', 'Admin', 'UMIK WIDI', 60800000, 1590042575),
(144, 'DO1590127289', 'Admin', 'P HAN', 29600000, 1590127302),
(145, 'DO1590127423', 'Admin', 'H ASIS', 27750000, 1590127433),
(146, 'DO1590214030', 'Admin', 'P HAN', 36800000, 1590214040),
(147, 'DO1590817993', 'Admin', 'P HAN', 32220000, 1590818003),
(148, 'DO1590818128', 'Admin', 'P TOJIR', 27000000, 1590818137),
(149, 'DO1590818278', 'Admin', 'P TOHA', 35800000, 1590818291),
(150, 'DO1591083492', 'Admin', 'COPRASI', 33840000, 1591083595),
(151, 'DO1591165096', 'Admin', 'UMIK WIDI', 33300000, 1591165111),
(152, 'INV1591241177', 'Admin', 'UMUM', 1131000, 1591241181),
(153, 'INV1591241292', 'Admin', 'UMUM', 1491000, 1591241296),
(154, 'INV1591241386', 'Admin', 'UMUM', 1052000, 1591241391),
(155, 'INV1591241503', 'Admin', 'UMUM', 1575000, 1591241512),
(156, 'INV1591241592', 'Admin', 'UMUM', 2336000, 1591241596),
(157, 'INV1591241674', 'Admin', 'UMUM', 738000, 1591241687),
(158, 'INV1591241798', 'Admin', 'UMUM', 446000, 1591241810),
(159, 'INV1591241924', 'Admin', 'UMUM', 1072000, 1591241930),
(160, 'DO1591249903', 'Admin', 'P TOHA', 36800000, 1591249913),
(161, 'DO1591250085', 'Admin', 'UMIK WIDI', 32940000, 1591250095),
(162, 'INV1591250835', 'Admin', 'UMUM', 900000, 1591250857),
(163, 'INV1591250934', 'Admin', 'UMUM', 794000, 1591250939),
(164, 'INV1591251005', 'Admin', 'UMUM', 372000, 1591251013),
(165, 'INV1591251070', 'Admin', 'UMUM', 617000, 1591251075),
(166, 'INV1591251207', 'Admin', 'UMUM', 2922000, 1591251219),
(167, 'INV1591251289', 'Admin', 'UMUM', 467000, 1591251296),
(168, 'INV1591251367', 'Admin', 'UMUM', 337500, 1591251373),
(169, 'INV1591251435', 'Admin', 'UMUM', 1333000, 1591251444),
(170, 'INV1591251518', 'Admin', 'UMUM', 1698000, 1591251524),
(171, 'INV1591251590', 'Admin', 'UMUM', 2165000, 1591251595),
(172, 'INV1591251668', 'Admin', 'UMUM', 487000, 1591251671),
(173, 'INV1591251733', 'Admin', 'UMUM', 1274000, 1591251737),
(174, 'INV1591251816', 'Admin', 'UMUM', 797000, 1591251823),
(175, 'INV1591251869', 'Admin', 'UMUM', 582000, 1591251872),
(176, 'INV1591251959', 'Admin', 'UMUM', 3000000, 1591251964),
(177, 'DO1591337448', 'Admin', 'PAK HAN', 37000000, 1591337460),
(178, 'DO1591337514', 'Admin', 'H ASIS', 33480000, 1591337565),
(179, 'DO1591337611', 'Admin', 'UMIK WIDI', 30940000, 1591337623),
(180, 'DO1591597355', 'Admin', 'P TOHA', 39400000, 1591597367),
(181, 'DO1591597548', 'Admin', 'P HAN', 35640000, 1591597562),
(182, 'DO1591598197', 'Admin', 'COPRASI', 36000000, 1591598207),
(183, 'DO1591683723', 'Admin', 'P TOHA', 36900000, 1591683765),
(184, 'DO1591683824', 'Admin', 'UMIK WIDI', 36900000, 1591683833),
(185, 'DO1591767362', 'Admin', 'P TOHA', 40000000, 1591767376),
(186, 'DO1591855139', 'Admin', 'P TOJIR', 29850000, 1591855147),
(187, 'DO1592026168', 'Admin', 'P TOHA', 39710000, 1592026215),
(188, 'DO1592026286', 'Admin', 'PAK HAN', 37800000, 1592026298),
(189, 'DO1592031832', 'Admin', 'UMUM', 578000, 1592031850),
(190, 'DO1592032000', 'Admin', 'UMUM', 3591000, 1592032005),
(191, 'DO1592032340', 'Admin', 'UMUM', 1516000, 1592032344),
(192, 'INV1592033166', 'Admin', 'UMUM', 939000, 1592033179),
(193, 'INV1592033507', 'Admin', 'UMUM', 828000, 1592033510),
(194, 'INV1592033570', 'Admin', 'UMUM', 2386000, 1592033573),
(195, 'INV1592033651', 'Admin', 'UMUM', 1163000, 1592033655),
(196, 'INV1592033716', 'Admin', 'UMUM', 2063000, 1592033719),
(197, 'INV1592033819', 'Admin', 'UMUM', 2796000, 1592033823),
(198, 'INV1592033912', 'Admin', 'UMUM', 3076000, 1592033922),
(199, 'INV1592034001', 'Admin', 'UMUM', 1039000, 1592034005),
(200, 'INV1592034027', 'Admin', 'UMUM', 485000, 1592034031),
(201, 'INV1592034091', 'Admin', 'UMUM', 1065000, 1592034094),
(202, 'INV1592034109', 'Admin', 'UMUM', 174000, 1592034113),
(203, 'INV1592202571', 'Admin', 'Toha', 43000000, 1592202617),
(204, 'DO1592202779', 'Admin', 'Toha', 86000000, 1592202798),
(205, 'DO1592202859', 'Admin', 'Toha', 43000000, 1592202872),
(206, 'DO1592203100', 'Admin', 'toha', 43000000, 1592203117),
(207, 'DO1592203316', 'Admin', 'koperasi', 41610000, 1592203352),
(208, 'DO1592288049', 'Admin', 'COPRASI', 45000000, 1592288061),
(209, 'INV1592372865', 'Admin', 'P TOHA', 35680000, 1592372902),
(210, 'INV1594208255', 'Admin', 'UMUM', 81000, 1594208262);

-- --------------------------------------------------------

--
-- Struktur dari tabel `user`
--

CREATE TABLE `user` (
  `id_user` int(11) NOT NULL,
  `nama` varchar(256) NOT NULL,
  `username` varchar(128) NOT NULL,
  `password` varchar(128) NOT NULL,
  `image` varchar(128) NOT NULL,
  `id_status` int(1) NOT NULL,
  `aktif` int(1) NOT NULL,
  `created_at` int(11) NOT NULL
) ENGINE=InnoDB DEFAULT CHARSET=latin1;

--
-- Dumping data untuk tabel `user`
--

INSERT INTO `user` (`id_user`, `nama`, `username`, `password`, `image`, `id_status`, `aktif`, `created_at`) VALUES
(1, 'Admin', 'cahaya', '$2y$10$nWeboq4/owu8J3xD58yKueT4k6jWJXTJPZkXY2.nqNzyOE7wn.V62', 'default.jpg', 1, 1, 1585359840),
(22, 'Lita Helindar', 'lita', '$2y$10$DiX9K.Q5kK3dtgJLu2qjiegMho6RZyNWC8gP4mF96plWZkNMOkQYS', 'default.jpg', 2, 1, 1585637453),
(25, 'benjo', 'benjo', '$2y$10$TJHVvtFh29EbqNjmfuGWzu1diBke2MTtW9aUe8kMjbT5H4/fbWNGe', 'default.jpg', 2, 1, 1585641766);

--
-- Indexes for dumped tables
--

--
-- Indeks untuk tabel `barang`
--
ALTER TABLE `barang`
  ADD PRIMARY KEY (`id_barang`),
  ADD UNIQUE KEY `kode` (`kode`);

--
-- Indeks untuk tabel `catatan`
--
ALTER TABLE `catatan`
  ADD PRIMARY KEY (`id_catatan`);

--
-- Indeks untuk tabel `detail_transaksi`
--
ALTER TABLE `detail_transaksi`
  ADD KEY `id_transaksi` (`id_transaksi`),
  ADD KEY `id_barang` (`id_barang`);

--
-- Indeks untuk tabel `status`
--
ALTER TABLE `status`
  ADD PRIMARY KEY (`id_status`);

--
-- Indeks untuk tabel `transaksi`
--
ALTER TABLE `transaksi`
  ADD PRIMARY KEY (`id_transaksi`);

--
-- Indeks untuk tabel `user`
--
ALTER TABLE `user`
  ADD PRIMARY KEY (`id_user`),
  ADD KEY `id_status` (`id_status`);

--
-- AUTO_INCREMENT untuk tabel yang dibuang
--

--
-- AUTO_INCREMENT untuk tabel `barang`
--
ALTER TABLE `barang`
  MODIFY `id_barang` int(11) NOT NULL AUTO_INCREMENT, AUTO_INCREMENT=95;

--
-- AUTO_INCREMENT untuk tabel `catatan`
--
ALTER TABLE `catatan`
  MODIFY `id_catatan` int(11) NOT NULL AUTO_INCREMENT, AUTO_INCREMENT=4;

--
-- AUTO_INCREMENT untuk tabel `status`
--
ALTER TABLE `status`
  MODIFY `id_status` int(11) NOT NULL AUTO_INCREMENT, AUTO_INCREMENT=3;

--
-- AUTO_INCREMENT untuk tabel `transaksi`
--
ALTER TABLE `transaksi`
  MODIFY `id_transaksi` int(11) NOT NULL AUTO_INCREMENT, AUTO_INCREMENT=211;

--
-- AUTO_INCREMENT untuk tabel `user`
--
ALTER TABLE `user`
  MODIFY `id_user` int(11) NOT NULL AUTO_INCREMENT, AUTO_INCREMENT=26;

--
-- Ketidakleluasaan untuk tabel pelimpahan (Dumped Tables)
--

--
-- Ketidakleluasaan untuk tabel `user`
--
ALTER TABLE `user`
  ADD CONSTRAINT `user_ibfk_1` FOREIGN KEY (`id_status`) REFERENCES `status` (`id_status`) ON DELETE CASCADE ON UPDATE CASCADE;
COMMIT;

/*!40101 SET CHARACTER_SET_CLIENT=@OLD_CHARACTER_SET_CLIENT */;
/*!40101 SET CHARACTER_SET_RESULTS=@OLD_CHARACTER_SET_RESULTS */;
/*!40101 SET COLLATION_CONNECTION=@OLD_COLLATION_CONNECTION */;
